cc_num,amt,gender,category,is_fraud
213199865312311,49.32,M,gas_transport,0
4474324669797121,144.14,M,grocery_pos,0
6011860238257910,63.24,F,gas_transport,0
180048185037117,129.18,F,misc_pos,0
4584931703207308232,48.83,F,home,0
4512828414983801773,115.44,F,misc_net,0
30238755902988,8.67,F,home,0
213161869125933,125.3,F,entertainment,0
581293083266,38.22,M,misc_pos,0
6011679934075347,8.64,F,shopping_pos,0
2358122155477959,73.6,M,kids_pets,0
3540210836308425,73.68,M,personal_care,0
6538441737335434,16.49,F,shopping_net,0
4826655832045236,4.44,F,kids_pets,0
3598215285024754,108.54,F,entertainment,0
4874017206859125,54.47,F,home,0
567868110212,227.56,F,shopping_pos,0
346273234529002,143.78,F,misc_pos,0
4859525594182537,55.16,F,entertainment,0
4769426683924058915,9.13,F,travel,0
376012912828093,5.39,M,shopping_pos,0
375534208663984,75.68,M,personal_care,0
4806443445305,16.94,M,grocery_net,0
4379260813815979609,61.3,M,grocery_pos,0
374497717543058,3.06,F,travel,0
4003771737807706,9.57,F,misc_pos,0
3577578023716568,55.32,F,grocery_net,0
3529597810116815,12.52,F,entertainment,0
3564839259330465,34.45,M,grocery_net,0
3529597810116815,41.16,F,gas_transport,0
6011552879910390,69.84,M,gas_transport,0
3568255211412877,41.81,M,grocery_pos,0
379141394109214,85.31,M,shopping_pos,0
4089096483689733451,75.92,F,gas_transport,0
4155021259183870,7.63,F,shopping_net,0
2260801330657968,46.01,F,food_dining,0
4446368897795790,102.72,M,shopping_net,0
3573030041201292,46.79,F,gas_transport,0
2260801330657968,86.3,F,misc_pos,0
3560797065840735,2.65,F,health_fitness,0
6011652924285713,109.19,F,grocery_pos,0
38580485618059,21.45,F,home,0
502038091380,73.16,M,health_fitness,0
344342339068828,5.88,F,misc_pos,0
3591919803438423,26.65,M,entertainment,0
30371006069917,10.92,M,health_fitness,0
4452366298769043,2.09,F,misc_pos,0
4477156602511939689,38.51,F,kids_pets,0
3518234918950662,59.07,F,gas_transport,0
3529597930342630,14.15,F,food_dining,0
3518669219150142,38.63,F,gas_transport,0
347073228412010,60.15,M,grocery_net,0
4476840372112,47.11,M,gas_transport,0
4992346398065154184,111.99,M,grocery_pos,0
3502377050801561,10.08,F,shopping_pos,0
4988304376504,115.5,M,grocery_pos,0
344709867813900,235.29,F,grocery_pos,0
3547560454237873,73.37,M,gas_transport,0
5388659976630693,73.62,M,gas_transport,0
4469777115158234880,54.54,M,grocery_pos,0
4861310130652566408,11.27,F,misc_pos,0
2252055259910912,38.79,M,misc_pos,0
6597248210463122,67.34,M,home,0
30235268718158,4.39,M,kids_pets,0
6011724471098086,33.14,F,grocery_net,0
4707867759656333,103.11,F,grocery_pos,0
4809701904914,2.83,F,shopping_pos,0
4311368326621416041,5.49,M,travel,0
2254799658404120,50.89,F,entertainment,0
3529597810116815,92.76,F,health_fitness,0
345389171551808,12.95,M,personal_care,0
4658117080136,59.13,M,food_dining,0
3501942333500073,204.96,F,kids_pets,0
3589289942931264,45.67,F,health_fitness,0
4683520018489354,113.75,M,entertainment,0
377234009633447,1.04,F,shopping_pos,0
676369110710,14.79,M,health_fitness,0
5456712664803820,6.49,F,misc_net,0
4958589671582726883,55.78,M,home,0
2712209726293386,17.67,F,home,0
36721445180895,54.31,M,home,0
3596217206093829,38.29,F,entertainment,0
4063094974360571498,20.24,F,entertainment,0
30234966027947,6.05,M,shopping_pos,0
377264520876399,113.66,F,entertainment,0
630412733309,7.73,F,misc_pos,0
4623560839669,55.39,M,gas_transport,0
4605902936394,139.4,M,home,0
4319584480204988982,167.35,F,grocery_pos,0
4908846471916297,9.29,F,home,0
4451952084362894,80.69,M,entertainment,0
4260128500325,291.94,F,shopping_net,0
4424338559877976,158.36,F,grocery_pos,0
6593939509150446,97.93,F,shopping_pos,0
371284424780634,7.95,M,shopping_net,0
3551217896304745,169.51,F,shopping_net,0
371284424780634,41.08,M,kids_pets,0
3560725013359375,36.96,F,food_dining,0
180065479077096,135.44,F,grocery_pos,0
3524574586339330,55.47,F,grocery_net,0
2720012583106919,294.77,M,grocery_pos,1
4587577161160601,830.58,F,misc_pos,1
3595111028444131,794.94,M,shopping_pos,1
3533742182628021,6.38,M,gas_transport,1
676245600876,1102.19,F,shopping_pos,1
4988304376504,748.92,M,shopping_pos,1
676245600876,9.57,F,gas_transport,1
3560246577314524,7.74,F,misc_pos,1
60427851591,727.32,M,misc_net,1
3592325941359225,283.93,F,grocery_pos,1
4890424426862856940,9.67,M,gas_transport,1
4561546772499,20.17,M,kids_pets,1
30153452207526,921.48,F,shopping_net,1
213114122496591,339.45,M,grocery_pos,1
213175487106448,864.48,F,misc_net,1
6011366578560244,282.6,M,grocery_pos,1
3546674063249004,672.46,M,shopping_pos,1
4783226709001,331.74,F,grocery_pos,1
676326610042,18.31,F,health_fitness,1
213161869125933,6.03,F,kids_pets,1
4562827002127,981.96,M,shopping_net,1
3535211949888417,813.03,F,misc_net,1
3540862542587229,49.51,F,personal_care,1
6011382886333463,850.66,M,shopping_net,1
4294040533480516,335.35,F,grocery_pos,1
4500002361389,312.89,M,grocery_pos,1
180017442990269,288.97,F,grocery_pos,1
3597337756918966,868.37,F,misc_net,1
4355790796238264643,1204.44,M,shopping_net,1
4482427013979020,825.71,F,shopping_pos,1
6011679934075347,20.38,F,personal_care,1
6011679934075347,492.51,F,entertainment,1
30408301059761,713.56,M,misc_net,1
639077309909,1080.21,M,shopping_net,1
6011231546538393,18.79,M,health_fitness,1
6011438889172900,850.47,F,misc_net,1
3521260686633367,11.08,M,travel,1
2248348993063230,301.01,F,grocery_pos,1
30143713661454,326.21,M,grocery_pos,1
3562264947797243,880.77,M,shopping_net,1
3548710338694745,11.28,M,grocery_net,1
4640395708703,855.4,F,shopping_net,1
5388659976630693,887.65,M,shopping_pos,1
38534201672254,1078.83,M,shopping_net,1
3567697931646329,271.43,M,grocery_pos,1
4992346398065154184,969.66,M,shopping_net,1
6554245334757802,1132.52,F,shopping_pos,1
4651007077623147,50.83,F,misc_pos,1
3560246577314524,340.92,F,grocery_pos,1
3536818734263520,12.13,M,gas_transport,1
342035762534413,334.28,F,grocery_pos,1
4124536010991657,811.41,F,misc_net,1
2291163933867244,280.91,M,grocery_pos,1
3554818239968984,324.74,M,grocery_pos,1
349813394357327,729.44,F,misc_net,1
6011681934117244,573.51,F,entertainment,1
3566373869538620,671.44,M,shopping_pos,1
30364087349027,940.05,M,shopping_net,1
4659625317833446364,312.88,M,grocery_pos,1
180068353086472,365.86,F,grocery_pos,1
374930071163758,1037.39,M,shopping_net,1
4228411452607671,895.02,M,shopping_net,1
4254074738931278,983.88,M,shopping_net,1
4659625317833446364,11.93,M,gas_transport,1
4561368699336875,10.02,F,gas_transport,1
2610529083834453,785.5,F,shopping_pos,1
4681601008538160,849.22,F,misc_net,1
3544606805704278,776.09,F,shopping_pos,1
3549202406645667,948.84,M,shopping_pos,1
6538891242532018,269.17,F,home,1
4005676619255478,10.24,M,gas_transport,1
4538566639857,713.0,M,misc_net,1
4952583804639909,938.73,F,misc_net,1
377654590313960,992.69,M,shopping_net,1
60416207185,20.41,F,personal_care,1
4844243189971,1145.9,M,shopping_pos,1
3567527758368741,893.53,F,shopping_pos,1
4134456652433447,1062.84,M,shopping_net,1
375904527651269,7.55,M,travel,1
345832460465610,291.76,M,grocery_pos,1
2248348993063230,316.57,F,grocery_pos,1
6526777409109795,313.68,M,grocery_pos,1
4629125581019,759.35,F,misc_net,1
2719496466799416,987.33,F,shopping_net,1
4642255475285942,187.35,F,home,1
4745996322265,9.38,F,gas_transport,1
4168696938629925,893.77,M,shopping_pos,1
347612609554823,292.59,M,grocery_pos,1
630424987505,939.91,F,misc_pos,1
2229824890647120,808.11,M,shopping_pos,1
4260128500325,935.64,F,shopping_net,1
371009169330125,629.78,M,misc_net,1
4209696857872688515,21.26,F,health_fitness,1
4390966588600992777,294.87,M,grocery_pos,1
3597337756918966,893.23,F,misc_net,1
3536918668124647,306.81,F,grocery_pos,1
4210078554961359092,615.49,F,entertainment,1
3554818239968984,987.16,M,shopping_net,1
342351256941125,18.81,F,personal_care,1
377993105397617,837.87,M,shopping_net,1
